student_id,name,reflection
FC-001,Amara Chen,"I struggled with the assignment at first but I really enjoyed the group work and felt confident by the end."
FC-002,Ben Osei,"This week was difficult and I felt confused about the requirements. I prefer working alone rather than in groups."
FC-003,Cara Lim,"I am proud of how I handled the presentation, it went well and I felt good about my public speaking."
FC-004,Dax Patel,"No strong feelings either way, just completed the tasks as instructed."
FC-005,Elin Fischer,"I enjoyed working with data this week and felt confident applying the new framework we learned."
FC-006,Farid Haddad,"I was anxious about the deadline and found the material genuinely difficult to follow."
FC-007,Grace Kim,"I prefer to work through problems on my own before discussing them with the group, and I felt proud of my final output."
FC-008,Haruto Sato,"Struggled to keep up this week, felt behind on the concepts and a bit worried about the next assessment."
FC-009,Ines Duarte,"Really enjoyed the workshop and felt confident presenting our findings, proud of how the team worked together."
FC-010,Jonas Weber,""
FC-011,Kavya Nair,"I would rather work in a group than alone, and I liked how collaborative this week's activities were."
FC-011,Kavya Nair,"Duplicate row for the same learner to test duplicate-ID detection during validation."
